Report_Date,Q1'14,Q2'14,Q3'14,Q4'14,Q1'15,Q2'15,Q3'15,Q4'15,Q1'16,Q2'16,Q3'16,Q4'16,Q1'17,Q2'17,Q3'17,Q4'17,Q1'18,Q2'18,Q3'18,Q4'18,Q1'19,Q2'19,Q3'19,Q4'19,Q1'20,Q2'20,Q3'20,Q4'20,Q1'21,Q2'21,Q3'21,Q4'21,Q1'22,Q2'22,Q3'22,Q4'22,Q1'23,Q2'23,Q3'23,Q4'23,Q1'24,Q2'24,Q3'24,Q4'24,Q1'25,Q2'25,Q3'25,Q4'25,Q1'26,Q2'26,Q3'26,Q4'26,Confidence
2016-12-09,27.85,29.67,29.96,30.33,28.43,29.92,30.18,29.72,26.96,29.46,31.35*,30.86*,30.61*,32.64*,34.18*,35.2*,,,,,,,,,,,,,,,,,,,,,,,,,,,,,,,,,,,,,100.0
2016-12-16,27.85,29.67,29.96,30.33,28.43,29.92,30.18,29.72,26.96,29.46,31.35*,30.88*,30.6*,32.65*,34.26*,35.23*,,,,,,,,,,,,,,,,,,,,,,,,,,,,,,,,,,,,,100.0
2016-12-23,27.85,29.67,29.96,30.33,28.43,29.92,30.18,29.72,26.96,29.46,31.35*,30.86*,30.55*,32.6*,34.2*,35.16*,,,,,,,,,,,,,,,,,,,,,,,,,,,,,,,,,,,,,100.0
2017-01-06,27.85,29.67,29.96,30.33,28.43,29.92,30.18,29.72,26.96,29.46,31.35*,30.88*,30.54*,32.64*,34.22*,35.19*,,,,,,,,,,,,,,,,,,,,,,,,,,,,,,,,,,,,,100.0
2017-01-13,,29.67,29.96,30.33,28.43,29.92,30.18,29.72,26.96,29.46,31.35,30.82*,30.54*,32.66*,34.21*,35.16*,34.31*,,,,,,,,,,,,,,,,,,,,,,,,,,,,,,,,,,,,100.0
2017-01-20,,29.67,29.96,30.33,28.43,29.92,30.18,29.72,26.96,29.46,31.35,31.0*,30.51*,32.7*,34.28*,35.22*,34.59*,,,,,,,,,,,,,,,,,,,,,,,,,,,,,,,,,,,,100.0
2017-01-27,,29.67,29.96,30.33,28.43,29.92,30.18,29.72,26.96,29.46,31.35,31.11*,30.37*,32.55*,34.35*,35.36*,34.34*,,,,,,,,,,,,,,,,,,,,,,,,,,,,,,,,,,,,100.0
2017-02-03,,29.67,29.96,30.33,28.43,29.92,30.17,29.72,26.96,29.46,31.35,31.36*,30.04*,32.34*,34.14*,35.31*,34.07*,,,,,,,,,,,,,,,,,,,,,,,,,,,,,,,,,,,,100.0
2017-02-10,,29.67,29.96,30.33,28.43,29.92,30.17,29.72,26.96,29.46,31.35,31.45*,29.81*,32.23*,34.05*,35.22*,33.79*,,,,,,,,,,,,,,,,,,,,,,,,,,,,,,,,,,,,100.0
2017-02-17,,29.67,29.96,30.33,28.43,29.92,30.17,29.72,26.96,29.46,31.35,31.34*,29.75*,32.19*,34.01*,35.24*,33.66*,,,,,,,,,,,,,,,,,,,,,,,,,,,,,,,,,,,,100.0
2017-03-02,,29.67,29.96,30.33,28.43,29.92,30.17,29.72,26.96,29.46,31.35,31.4*,29.59*,32.11*,34.0*,35.25*,33.54*,,,,,,,,,,,,,,,,,,,,,,,,,,,,,,,,,,,,100.0
2017-03-09,,30.23,30.54,30.97,29.01,30.22,30.3,29.84,27.08,29.6,31.38,31.44*,29.58*,32.13*,34.04*,35.33*,33.6*,,,,,,,,,,,,,,,,,,,,,,,,,,,,,,,,,,,,100.0
2017-03-17,,30.23,30.54,30.97,29.01,30.22,30.3,29.84,27.07,29.59,31.38,31.42*,29.52*,32.09*,33.98*,35.29*,33.59*,,,,,,,,,,,,,,,,,,,,,,,,,,,,,,,,,,,,100.0
2017-03-24,,30.23,30.54,30.97,29.01,30.22,30.3,29.84,27.07,29.59,31.38,31.41*,29.56*,32.05*,33.95*,35.26*,33.55*,,,,,,,,,,,,,,,,,,,,,,,,,,,,,,,,,,,,100.0
2017-03-31,,30.23,30.54,30.97,29.01,30.22,30.3,29.84,27.07,29.59,31.38,31.44*,29.49*,32.11*,34.0*,35.32*,33.58*,,,,,,,,,,,,,,,,,,,,,,,,,,,,,,,,,,,,100.0
2017-04-07,,,30.54,30.97,29.01,30.22,30.3,29.84,27.07,29.59,31.38,31.44,29.4*,32.05*,33.98*,35.34*,33.6*,36.07*,,,,,,,,,,,,,,,,,,,,,,,,,,,,,,,,,,,100.0
2017-04-14,,,30.54,30.97,29.01,30.22,30.34,29.87,27.1,29.62,31.42,31.47,29.36*,32.08*,34.02*,35.38*,33.67*,36.06*,,,,,,,,,,,,,,,,,,,,,,,,,,,,,,,,,,,100.0
2017-04-28,,,30.52,30.94,28.98,30.2,30.33,29.87,27.1,29.62,31.42,31.47,30.15*,31.89*,33.99*,35.47*,33.73*,36.09*,,,,,,,,,,,,,,,,,,,,,,,,,,,,,,,,,,,100.0
2017-05-05,,,30.52,30.94,28.98,30.2,30.33,29.87,27.1,29.62,31.42,31.47,30.64*,31.78*,33.92*,35.44*,33.92*,36.07*,,,,,,,,,,,,,,,,,,,,,,,,,,,,,,,,,,,100.0
2017-05-19,,,30.52,30.94,28.98,30.2,30.33,29.87,27.1,29.62,31.42,31.47,30.77*,31.59*,33.85*,35.4*,33.89*,35.94*,,,,,,,,,,,,,,,,,,,,,,,,,,,,,,,,,,,100.0
2017-05-26,,,30.52,30.94,28.98,30.2,30.33,29.87,27.1,29.62,31.42,31.47,30.82*,31.61*,33.88*,35.4*,33.94*,35.96*,,,,,,,,,,,,,,,,,,,,,,,,,,,,,,,,,,,100.0
2017-06-02,,,30.52,30.94,28.98,30.2,30.33,29.87,27.1,29.62,31.42,31.47,30.85*,31.56*,33.88*,35.4*,33.95*,35.89*,,,,,,,,,,,,,,,,,,,,,,,,,,,,,,,,,,,100.0
2017-06-09,,,30.53,30.96,28.99,30.21,30.33,29.88,27.11,29.63,31.43,31.48,30.85*,31.54*,33.86*,35.38*,33.97*,35.93*,,,,,,,,,,,,,,,,,,,,,,,,,,,,,,,,,,,100.0
2017-06-16,,,30.53,30.96,28.99,30.21,30.33,29.88,27.11,29.63,31.43,31.48,30.85*,31.49*,33.87*,35.38*,33.97*,35.92*,,,,,,,,,,,,,,,,,,,,,,,,,,,,,,,,,,,100.0
2017-06-23,,,30.53,30.96,28.99,30.21,30.33,29.88,27.11,29.63,31.43,31.48,30.85*,31.51*,33.85*,35.41*,33.97*,35.94*,,,,,,,,,,,,,,,,,,,,,,,,,,,,,,,,,,,100.0
2017-06-30,,,30.53,30.96,28.99,30.21,30.33,29.88,27.11,29.63,31.43,31.48,30.84*,31.5*,33.84*,35.41*,33.98*,35.91*,,,,,,,,,,,,,,,,,,,,,,,,,,,,,,,,,,,100.0
2017-07-07,,,,30.96,28.99,30.21,30.33,29.88,27.11,29.63,31.43,31.45,30.84,31.47*,33.81*,35.42*,33.95*,35.96*,37.75*,,,,,,,,,,,,,,,,,,,,,,,,,,,,,,,,,,100.0
2017-07-14,,,,30.96,28.99,30.21,30.33,29.88,27.11,29.63,31.43,31.45,30.84,31.41*,33.75*,35.36*,33.93*,35.84*,37.65*,,,,,,,,,,,,,,,,,,,,,,,,,,,,,,,,,,100.0
2017-07-21,,,,30.96,28.99,30.21,30.33,29.88,27.11,29.63,31.43,31.45,30.84,31.42*,33.57*,35.21*,33.87*,35.72*,37.52*,,,,,,,,,,,,,,,,,,,,,,,,,,,,,,,,,,100.0
2017-07-28,,,,30.97,28.99,30.22,30.34,29.89,27.11,29.63,31.43,31.47,30.84,32.32*,33.51*,35.18*,34.01*,35.84*,37.45*,,,,,,,,,,,,,,,,,,,,,,,,,,,,,,,,,,100.0
2017-08-04,,,,30.97,28.99,30.22,30.34,29.89,27.11,29.63,31.43,31.47,30.84,32.64*,33.41*,35.12*,33.91*,35.83*,37.26*,,,,,,,,,,,,,,,,,,,,,,,,,,,,,,,,,,100.0
2017-08-11,,,,30.97,28.99,30.22,30.34,29.89,27.11,29.63,31.43,31.47,30.84,32.7*,33.3*,35.02*,33.87*,35.86*,37.19*,,,,,,,,,,,,,,,,,,,,,,,,,,,,,,,,,,100.0
2017-09-01,,,,30.99,29.02,30.24,30.35,29.9,27.13,29.65,31.45,31.49,30.86,32.77*,33.26*,35.04*,33.87*,35.94*,37.08*,,,,,,,,,,,,,,,,,,,,,,,,,,,,,,,,,,100.0
2017-09-08,,,,30.99,29.02,30.24,30.35,29.9,27.13,29.65,31.45,31.49,30.86,32.78*,33.16*,35.06*,33.92*,35.97*,37.08*,,,,,,,,,,,,,,,,,,,,,,,,,,,,,,,,,,100.0
2017-09-15,,,,30.99,29.02,30.24,30.39,29.94,27.16,29.68,31.5,31.53,30.88,32.78*,32.99*,35.0*,33.94*,36.01*,37.05*,,,,,,,,,,,,,,,,,,,,,,,,,,,,,,,,,,100.0
2017-09-22,,,,30.99,29.01,30.23,30.38,29.93,27.16,29.67,31.49,31.52,30.87,32.78*,32.86*,34.95*,33.89*,35.9*,36.97*,,,,,,,,,,,,,,,,,,,,,,,,,,,,,,,,,,100.0
2017-09-29,,,,30.99,29.01,30.23,30.38,29.93,27.16,29.67,31.49,31.52,30.87,32.78*,32.83*,34.99*,33.93*,35.97*,36.99*,,,,,,,,,,,,,,,,,,,,,,,,,,,,,,,,,,100.0
2017-10-06,,,,,,,,,27.16,29.68,31.5,31.53,30.88,32.78,32.44*,35.0*,33.95*,35.97*,37.01*,38.76*,,,,,,,,,,,,,,,,,,,,,,,,,,,,,,,,,100.0
2017-10-13,,,,,,,,,27.15,29.66,31.48,31.51,30.87,32.77,32.2*,34.98*,34.01*,35.97*,36.96*,38.75*,,,,,,,,,,,,,,,,,,,,,,,,,,,,,,,,,100.0
2017-10-20,,,,,,,,,27.16,29.68,31.5,31.53,30.88,32.78,32.26*,35.04*,34.07*,36.05*,36.99*,38.8*,,,,,,,,,,,,,,,,,,,,,,,,,,,,,,,,,100.0
2017-10-27,,,,,,,,,27.16,29.68,31.5,31.53,30.88,32.78,32.57*,34.78*,34.03*,36.0*,37.02*,38.78*,,,,,,,,,,,,,,,,,,,,,,,,,,,,,,,,,100.0
2017-11-10,,,,,,,,,27.16,29.68,31.5,31.53,30.88,32.78,33.37*,34.75*,34.09*,36.08*,37.42*,38.76*,,,,,,,,,,,,,,,,,,,,,,,,,,,,,,,,,100.0
2017-11-17,,,,,,,,,27.16,29.68,31.5,31.53,30.88,32.78,33.44*,34.73*,34.09*,36.06*,37.37*,38.64*,,,,,,,,,,,,,,,,,,,,,,,,,,,,,,,,,100.0
2017-11-24,,,,,,,,,27.16,29.68,31.5,31.53,30.88,32.78,33.48*,34.71*,34.11*,36.07*,37.45*,38.67*,,,,,,,,,,,,,,,,,,,,,,,,,,,,,,,,,100.0
2017-12-01,,,,,,,,,27.16,29.68,31.5,31.53,30.88,32.78,33.48*,34.74*,34.11*,36.06*,37.44*,38.67*,,,,,,,,,,,,,,,,,,,,,,,,,,,,,,,,,100.0
2017-12-08,,,,,,,,,27.16,29.68,31.5,31.4,30.88,32.78,33.48*,34.81*,34.12*,36.09*,37.49*,38.7*,,,,,,,,,,,,,,,,,,,,,,,,,,,,,,,,,100.0
2017-12-14,,,,,,,,,27.16,29.68,31.5,31.4,30.88,32.78,33.49*,34.8*,34.12*,36.1*,37.52*,38.74*,,,,,,,,,,,,,,,,,,,,,,,,,,,,,,,,,100.0
2017-12-22,,,,,,,,,27.16,29.68,31.5,31.4,30.88,32.78,33.49*,34.88*,34.28*,36.21*,37.61*,38.89*,,,,,,,,,,,,,,,,,,,,,,,,,,,,,,,,,100.0
2018-01-12,,,,,,,,,,29.68,31.5,31.4,30.88,32.78,33.49,34.89*,35.04*,37.08*,38.54*,39.68*,38.17*,,,,,,,,,,,,,,,,,,,,,,,,,,,,,,,,100.0
2018-01-19,,,,,,,,,,29.68,31.5,31.4,30.88,32.78,33.49,31.58*,35.42*,37.47*,38.93*,40.16*,38.75*,,,,,,,,,,,,,,,,,,,,,,,,,,,,,,,,100.0
2018-01-25,,,,,,,,,,29.67,31.49,31.4,30.88,32.78,33.49,33.27*,35.74*,37.83*,39.28*,40.49*,39.13*,,,,,,,,,,,,,,,,,,,,,,,,,,,,,,,,100.0
2018-02-02,,,,,,,,,,29.59,31.38,31.29,30.84,32.75,33.49,35.86*,36.19*,38.55*,40.0*,41.4*,39.56*,,,,,,,,,,,,,,,,,,,,,,,,,,,,,,,,100.0
2018-02-09,,,,,,,,,,29.59,31.38,31.29,30.83,32.75,33.49,35.64*,36.24*,38.92*,40.4*,41.89*,39.92*,,,,,,,,,,,,,,,,,,,,,,,,,,,,,,,,100.0
2018-02-16,,,,,,,,,,29.59,31.38,31.29,30.83,32.75,33.49,36.23*,36.27*,39.01*,40.54*,42.11*,39.98*,,,,,,,,,,,,,,,,,,,,,,,,,,,,,,,,100.0
2018-02-23,,,,,,,,,,29.59,31.38,31.29,30.83,32.75,33.49,36.16*,36.31*,39.05*,40.59*,42.16*,40.02*,,,,,,,,,,,,,,,,,,,,,,,,,,,,,,,,100.0
2018-03-02,,,,,,,,,,29.59,31.38,31.29,30.83,32.75,33.49,35.27*,36.32*,39.06*,40.63*,42.25*,40.09*,,,,,,,,,,,,,,,,,,,,,,,,,,,,,,,,100.0
2018-03-09,,,,,,,,,,29.59,31.38,31.29,30.83,32.75,33.49,35.27*,36.3*,39.09*,40.68*,42.33*,40.1*,,,,,,,,,,,,,,,,,,,,,,,,,,,,,,,,100.0
2018-03-16,,,,,,,,,,29.59,31.38,31.29,30.83,32.75,33.49,35.27*,36.29*,39.1*,40.72*,42.35*,40.16*,,,,,,,,,,,,,,,,,,,,,,,,,,,,,,,,100.0
2018-03-23,,,,,,,,,,29.59,31.38,31.29,30.83,32.75,33.49,35.27*,36.19*,39.01*,40.66*,42.31*,40.12*,,,,,,,,,,,,,,,,,,,,,,,,,,,,,,,,100.0
2018-03-29,,,,,,,,,,29.59,31.38,31.29,30.83,32.75,33.49,35.27*,36.24*,39.01*,40.68*,42.36*,40.12*,,,,,,,,,,,,,,,,,,,,,,,,,,,,,,,,100.0
2018-04-06,,,,,,,,,,,31.38,31.29,30.83,32.75,33.49,35.27,36.1*,38.92*,40.58*,42.26*,40.03*,42.88*,,,,,,,,,,,,,,,,,,,,,,,,,,,,,,,100.0
2018-04-13,,,,,,,,,,,31.38,31.29,30.83,32.75,33.49,35.27,36.17*,38.93*,40.66*,42.35*,40.15*,42.94*,,,,,,,,,,,,,,,,,,,,,,,,,,,,,,,100.0
2018-04-20,,,,,,,,,,,31.38,31.29,30.83,32.75,33.49,35.27,36.57*,38.97*,40.73*,42.36*,40.22*,43.0*,,,,,,,,,,,,,,,,,,,,,,,,,,,,,,,100.0
2018-04-27,,,,,,,,,,,31.38,31.29,30.83,32.75,33.49,35.27,37.73*,38.89*,40.74*,42.36*,40.56*,43.04*,,,,,,,,,,,,,,,,,,,,,,,,,,,,,,,100.0
2018-05-04,,,,,,,,,,,31.38,31.29,30.83,32.75,33.49,35.27,38.46*,39.04*,40.83*,42.44*,40.82*,43.27*,,,,,,,,,,,,,,,,,,,,,,,,,,,,,,,100.0
2018-05-11,,,,,,,,,,,31.38,31.29,30.83,32.75,33.49,35.27,38.8*,39.0*,40.86*,42.43*,40.99*,43.28*,,,,,,,,,,,,,,,,,,,,,,,,,,,,,,,100.0
2018-05-18,,,,,,,,,,,31.38,31.29,30.83,32.75,33.49,35.27,38.6*,39.06*,40.91*,42.54*,41.09*,43.3*,,,,,,,,,,,,,,,,,,,,,,,,,,,,,,,100.0
2018-05-25,,,,,,,,,,,31.38,31.29,30.83,32.75,33.49,35.27,38.67*,39.15*,40.96*,42.62*,41.21*,43.38*,,,,,,,,,,,,,,,,,,,,,,,,,,,,,,,100.0
2018-06-01,,,,,,,,,,,31.38,31.29,30.83,32.75,33.49,35.27,38.67*,39.07*,40.92*,42.6*,41.24*,43.3*,,,,,,,,,,,,,,,,,,,,,,,,,,,,,,,100.0
2018-06-08,,,,,,,,,,,31.38,31.29,30.83,32.75,33.48,35.27,38.67*,39.01*,41.04*,42.65*,41.21*,43.32*,,,,,,,,,,,,,,,,,,,,,,,,,,,,,,,100.0
2018-06-15,,,,,,,,,,,31.39,31.3,30.85,32.77,33.5,35.28,38.68*,39.07*,41.06*,42.7*,41.23*,43.31*,,,,,,,,,,,,,,,,,,,,,,,,,,,,,,,100.0
2018-06-29,,,,,,,,,,,31.42,31.32,30.87,32.8,33.54,35.3,38.71*,39.35*,41.03*,42.67*,41.3*,43.43*,,,,,,,,,,,,,,,,,,,,,,,,,,,,,,,100.0
2018-07-06,,,,,,,,,,,,31.32,30.87,32.8,33.54,35.3,38.71,39.32*,41.01*,42.68*,41.32*,43.48*,45.31*,,,,,,,,,,,,,,,,,,,,,,,,,,,,,,100.0
2018-07-13,,,,,,,,,,,,31.32,30.87,32.8,33.54,35.3,38.71,39.32*,40.94*,42.71*,41.31*,43.48*,45.29*,,,,,,,,,,,,,,,,,,,,,,,,,,,,,,100.0
2018-07-20,,,,,,,,,,,,31.32,30.87,32.8,33.54,35.3,38.71,39.59*,41.0*,42.73*,41.32*,43.58*,45.33*,,,,,,,,,,,,,,,,,,,,,,,,,,,,,,100.0
2018-07-27,,,,,,,,,,,,31.32,30.87,32.8,33.54,35.3,38.71,39.83*,40.87*,42.79*,41.37*,43.71*,45.41*,,,,,,,,,,,,,,,,,,,,,,,,,,,,,,100.0
2018-08-10,,,,,,,,,,,,31.32,30.87,32.8,33.54,35.3,38.71,40.93*,40.74*,42.81*,41.53*,44.14*,45.5*,,,,,,,,,,,,,,,,,,,,,,,,,,,,,,100.0
2018-08-31,,,,,,,,,,,,31.32,30.87,32.8,33.54,35.3,38.71,41.03*,40.63*,42.71*,41.5*,44.21*,45.39*,,,,,,,,,,,,,,,,,,,,,,,,,,,,,,100.0
2018-09-07,,,,,,,,,,,,31.32,30.87,32.8,33.54,35.3,38.71,41.03*,40.61*,42.7*,41.52*,44.24*,45.42*,,,,,,,,,,,,,,,,,,,,,,,,,,,,,,100.0
2018-09-14,,,,,,,,,,,,31.32,30.87,32.8,33.54,35.3,38.71,41.03*,40.62*,42.74*,41.53*,44.26*,45.4*,,,,,,,,,,,,,,,,,,,,,,,,,,,,,,100.0
2018-09-21,,,,,,,,,,,,31.32,30.87,32.8,33.54,35.3,38.71,41.03*,40.58*,42.71*,41.55*,44.24*,45.35*,,,,,,,,,,,,,,,,,,,,,,,,,,,,,,100.0
2018-09-28,,,,,,,,,,,,31.32,30.87,32.8,33.54,35.3,38.71,41.04*,40.54*,42.56*,41.46*,44.18*,45.29*,,,,,,,,,,,,,,,,,,,,,,,,,,,,,,100.0
2018-10-05,,,,,,,,,,,,,30.87,32.8,33.54,35.3,38.71,41.03,40.52*,42.52*,41.47*,44.2*,45.31*,47.26*,,,,,,,,,,,,,,,,,,,,,,,,,,,,,100.0
2018-10-12,,,,,,,,,,,,,30.87,32.8,33.54,35.3,38.71,41.03,40.46*,42.55*,41.45*,44.16*,45.32*,47.24*,,,,,,,,,,,,,,,,,,,,,,,,,,,,,100.0
2018-10-19,,,,,,,,,,,,,30.87,32.8,33.54,35.3,38.71,41.1,41.32*,43.11*,42.06*,44.79*,46.03*,47.79*,,,,,,,,,,,,,,,,,,,,,,,,,,,,,100.0
2018-10-26,,,,,,,,,,,,,30.87,32.8,33.54,35.3,38.71,41.1,41.18*,42.34*,41.38*,44.1*,45.54*,47.22*,,,,,,,,,,,,,,,,,,,,,,,,,,,,,100.0
2018-11-02,,,,,,,,,,,,,30.87,32.8,33.54,35.3,38.69,41.1,42.14*,42.08*,41.23*,43.99*,45.64*,46.83*,,,,,,,,,,,,,,,,,,,,,,,,,,,,,100.0
2018-11-09,,,,,,,,,,,,,30.87,32.8,33.54,35.3,38.7,41.1,42.66*,41.83*,41.12*,43.93*,45.55*,46.56*,,,,,,,,,,,,,,,,,,,,,,,,,,,,,100.0
2018-11-16,,,,,,,,,,,,,30.87,32.8,33.54,35.3,38.7,41.1,42.79*,41.63*,40.99*,43.82*,45.46*,46.42*,,,,,,,,,,,,,,,,,,,,,,,,,,,,,100.0
2018-11-23,,,,,,,,,,,,,30.87,32.8,33.54,35.3,38.7,41.1,42.84*,41.43*,40.83*,43.67*,45.27*,46.24*,,,,,,,,,,,,,,,,,,,,,,,,,,,,,100.0
2018-11-30,,,,,,,,,,,,,30.88,32.8,33.55,35.3,38.7,41.12,42.85*,41.45*,40.81*,43.64*,45.26*,46.25*,,,,,,,,,,,,,,,,,,,,,,,,,,,,,100.0
2018-12-07,,,,,,,,,,,,,30.88,32.8,33.55,35.3,38.7,41.12,42.85*,41.38*,40.81*,43.63*,45.29*,46.22*,,,,,,,,,,,,,,,,,,,,,,,,,,,,,100.0
2018-12-14,,,,,,,,,,,,,30.88,32.8,33.55,35.3,38.7,41.12,42.85*,41.18*,40.66*,43.47*,45.13*,46.05*,,,,,,,,,,,,,,,,,,,,,,,,,,,,,100.0
2018-12-21,,,,,,,,,,,,,30.88,32.8,33.55,35.3,38.7,41.12,42.85*,41.12*,40.41*,43.17*,44.97*,45.84*,,,,,,,,,,,,,,,,,,,,,,,,,,,,,100.0
2019-01-04,,,,,,,,,,,,,30.88,32.8,33.55,35.3,38.7,41.12,42.85*,40.63*,39.99*,42.86*,44.66*,45.44*,,,,,,,,,,,,,,,,,,,,,,,,,,,,,100.0
2019-01-11,,,,,,,,,,,,,,32.8,33.55,35.3,38.7,41.12,42.85,40.35*,39.48*,42.46*,44.33*,45.07*,44.01*,,,,,,,,,,,,,,,,,,,,,,,,,,,,100.0
2019-01-18,,,,,,,,,,,,,,32.8,33.55,35.3,38.7,41.12,42.85,40.38*,39.32*,42.35*,44.23*,44.97*,44.05*,,,,,,,,,,,,,,,,,,,,,,,,,,,,100.0
2019-01-25,,,,,,,,,,,,,,32.8,33.55,35.3,38.7,41.12,42.86,40.47*,39.02*,42.18*,44.07*,44.8*,43.61*,,,,,,,,,,,,,,,,,,,,,,,,,,,,100.0
2019-02-01,,,,,,,,,,,,,,32.8,33.55,35.3,38.7,41.12,42.86,40.72*,38.55*,41.9*,43.97*,44.91*,43.61*,,,,,,,,,,,,,,,,,,,,,,,,,,,,100.0
2019-02-08,,,,,,,,,,,,,,32.8,33.55,35.3,38.71,41.13,42.88,41.2*,38.06*,41.77*,43.94*,44.97*,43.29*,,,,,,,,,,,,,,,,,,,,,,,,,,,,100.0
2019-02-15,,,,,,,,,,,,,,32.8,33.54,35.3,38.71,41.12,42.88,41.22*,37.87*,41.76*,43.97*,44.99*,43.22*,,,,,,,,,,,,,,,,,,,,,,,,,,,,100.0
2019-02-22,,,,,,,,,,,,,,32.8,33.55,35.3,38.71,41.13,42.88,41.31*,37.71*,41.64*,43.88*,44.95*,43.04*,,,,,,,,,,,,,,,,,,,,,,,,,,,,100.0
2019-03-01,,,,,,,,,,,,,,32.8,33.55,35.3,38.71,41.13,42.88,41.29*,37.6*,41.54*,43.83*,44.95*,42.99*,,,,,,,,,,,,,,,,,,,,,,,,,,,,100.0
2019-03-08,,,,,,,,,,,,,,32.8,33.55,35.3,38.71,41.13,42.88,41.29*,37.55*,41.54*,43.86*,45.02*,42.95*,,,,,,,,,,,,,,,,,,,,,,,,,,,,100.0
2019-03-15,,,,,,,,,,,,,,32.8,33.55,35.3,38.71,41.13,42.88,41.42*,37.53*,41.54*,43.85*,45.0*,42.99*,,,,,,,,,,,,,,,,,,,,,,,,,,,,100.0
2019-03-22,,,,,,,,,,,,,,32.8,33.55,35.3,38.71,41.13,42.88,41.42*,37.45*,41.46*,43.75*,44.91*,42.9*,,,,,,,,,,,,,,,,,,,,,,,,,,,,100.0
2019-03-29,,,,,,,,,,,,,,32.8,33.55,35.3,38.71,41.13,42.88,41.42*,37.33*,41.46*,43.78*,44.89*,42.87*,,,,,,,,,,,,,,,,,,,,,,,,,,,,100.0
2019-04-05,,,,,,,,,,,,,,,33.55,35.3,38.71,41.13,42.88,41.37,37.24*,41.4*,43.76*,44.89*,42.77*,46.25*,,,,,,,,,,,,,,,,,,,,,,,,,,,100.0
2019-04-12,,,,,,,,,,,,,,,33.55,35.3,38.71,41.13,42.88,41.37,37.09*,41.31*,43.82*,44.98*,42.69*,46.2*,,,,,,,,,,,,,,,,,,,,,,,,,,,100.0
2019-04-18,,,,,,,,,,,,,,,33.55,35.3,38.71,41.13,42.88,41.33,37.41*,41.26*,43.68*,44.87*,42.68*,46.13*,,,,,,,,,,,,,,,,,,,,,,,,,,,100.0
2019-04-26,,,,,,,,,,,,,,,33.55,35.3,38.71,41.13,42.87,41.33,37.81*,41.33*,43.75*,44.89*,42.91*,46.28*,,,,,,,,,,,,,,,,,,,,,,,,,,,100.0
2019-05-03,,,,,,,,,,,,,,,33.55,35.3,38.71,41.13,42.87,41.33,38.53*,41.03*,43.54*,44.7*,42.92*,46.02*,,,,,,,,,,,,,,,,,,,,,,,,,,,100.0
2019-05-10,,,,,,,,,,,,,,,33.55,35.3,38.71,41.13,42.87,41.32,38.72*,40.76*,43.49*,44.68*,42.97*,45.89*,,,,,,,,,,,,,,,,,,,,,,,,,,,100.0
2019-05-17,,,,,,,,,,,,,,,33.55,35.3,38.71,41.13,42.87,41.32,38.71*,40.69*,43.46*,44.68*,42.99*,45.83*,,,,,,,,,,,,,,,,,,,,,,,,,,,100.0
2019-05-24,,,,,,,,,,,,,,,33.55,35.3,38.71,41.13,42.87,41.32,38.77*,40.65*,43.39*,44.67*,42.9*,45.71*,,,,,,,,,,,,,,,,,,,,,,,,,,,100.0
2019-05-31,,,,,,,,,,,,,,,33.55,35.3,38.71,41.13,42.87,41.32,38.8*,40.61*,43.38*,44.67*,42.93*,45.67*,,,,,,,,,,,,,,,,,,,,,,,,,,,100.0
2019-06-07,,,,,,,,,,,,,,,33.55,35.3,38.71,41.13,42.87,41.32,38.8*,40.55*,43.3*,,42.87*,45.63*,,,,,,,,,,,,,,,,,,,,,,,,,,,100.0
2019-06-14,,,,,,,,,,,,,,,33.55,35.3,38.71,41.13,42.87,41.32,38.8*,40.49*,43.23*,44.52*,42.95*,45.69*,,,,,,,,,,,,,,,,,,,,,,,,,,,100.0
2019-06-21,,,,,,,,,,,,,,,33.55,35.3,38.71,41.13,42.87,41.32,38.8*,40.45*,43.07*,44.43*,42.82*,45.67*,,,,,,,,,,,,,,,,,,,,,,,,,,,100.0
2019-06-28,,,,,,,,,,,,,,,33.55,35.3,38.71,41.13,42.87,41.32,38.8*,40.43*,42.95*,44.25*,42.61*,45.51*,,,,,,,,,,,,,,,,,,,,,,,,,,,100.0
2019-07-03,,,,,,,,,,,,,,,33.55,35.3,38.71,41.13,42.87,41.32,38.8*,40.35*,42.89*,44.19*,42.58*,45.43*,,,,,,,,,,,,,,,,,,,,,,,,,,,100.0
2019-07-12,,,,,,,,,,,,,,,,35.3,38.71,41.13,42.87,41.32,38.8,40.23*,42.73*,44.12*,42.55*,45.41*,47.66*,,,,,,,,,,,,,,,,,,,,,,,,,,100.0
2019-07-19,,,,,,,,,,,,,,,,35.3,38.71,41.13,42.87,41.32,38.8,40.56*,42.54*,43.98*,42.47*,45.25*,47.49*,,,,,,,,,,,,,,,,,,,,,,,,,,100.0
2019-07-26,,,,,,,,,,,,,,,,35.3,38.71,41.13,42.87,41.32,38.8,40.15*,42.43*,43.84*,42.34*,45.32*,47.31*,,,,,,,,,,,,,,,,,,,,,,,,,,100.0
2019-08-02,,,,,,,,,,,,,,,,35.3,38.71,41.13,42.87,41.32,38.8,41.1*,42.14*,43.57*,42.27*,45.5*,47.19*,,,,,,,,,,,,,,,,,,,,,,,,,,100.0
2019-08-09,,,,,,,,,,,,,,,,35.3,38.71,41.13,42.87,41.32,38.8,41.3*,41.82*,43.35*,42.14*,45.29*,46.93*,,,,,,,,,,,,,,,,,,,,,,,,,,100.0
2019-08-30,,,,,,,,,,,,,,,,35.3,38.71,41.13,42.87,41.32,38.8,41.49*,41.64*,43.12*,41.95*,45.2*,46.78*,,,,,,,,,,,,,,,,,,,,,,,,,,100.0
2019-09-06,,,,,,,,,,,,,,,,35.3,38.71,41.13,42.87,41.32,38.8,41.47*,41.6*,43.09*,41.91*,45.17*,46.71*,,,,,,,,,,,,,,,,,,,,,,,,,,100.0
2019-09-13,,,,,,,,,,,,,,,,35.3,38.71,41.13,42.87,41.32,38.8,41.47*,41.48*,43.02*,41.91*,45.09*,46.71*,,,,,,,,,,,,,,,,,,,,,,,,,,100.0
2019-09-20,,,,,,,,,,,,,,,,35.3,38.71,41.13,42.87,41.32,38.8,41.47*,41.49*,42.95*,41.86*,45.07*,46.67*,,,,,,,,,,,,,,,,,,,,,,,,,,100.0
2019-09-27,,,,,,,,,,,,,,,,35.3,38.71,41.13,42.88,41.32,38.8,41.47*,41.37*,42.75*,41.73*,44.93*,46.57*,,,,,,,,,,,,,,,,,,,,,,,,,,100.0
2019-10-04,,,,,,,,,,,,,,,,,35.3,38.71,41.12,42.87,41.32,38.8,41.46*,41.21*,42.66*,41.71*,44.86*,46.53*,,,,,,,,,,,,,,,,,,,,,,,,,100.0
2019-10-11,,,,,,,,,,,,,,,,,38.71,41.13,42.88,41.32,38.8,41.47,40.96*,42.49*,41.73*,44.84*,46.52*,47.98*,,,,,,,,,,,,,,,,,,,,,,,,,100.0
2019-10-18,,,,,,,,,,,,,,,,,38.71,41.13,42.88,41.32,38.8,41.47,41.0*,42.28*,41.56*,44.67*,46.33*,47.78*,,,,,,,,,,,,,,,,,,,,,,,,,100.0
2019-10-25,,,,,,,,,,,,,,,,,38.72,41.13,42.88,41.32,38.79,41.47,41.33*,42.06*,41.42*,44.54*,46.38*,47.66*,,,,,,,,,,,,,,,,,,,,,,,,,100.0
2019-11-01,,,,,,,,,,,,,,,,,38.72,41.13,42.88,41.32,38.79,41.47,42.02*,41.51*,41.33*,44.44*,46.47*,47.27*,,,,,,,,,,,,,,,,,,,,,,,,,100.0
2019-11-08,,,,,,,,,,,,,,,,,38.72,41.13,42.88,41.32,38.79,41.47,42.13*,41.29*,41.28*,44.4*,46.49*,47.14*,,,,,,,,,,,,,,,,,,,,,,,,,100.0
2019-11-15,,,,,,,,,,,,,,,,,38.72,41.13,42.88,41.32,38.79,41.47,42.26*,41.15*,41.15*,44.32*,46.46*,47.0*,,,,,,,,,,,,,,,,,,,,,,,,,100.0
2019-11-22,,,,,,,,,,,,,,,,,38.72,41.13,42.88,41.32,38.79,41.47,42.15*,40.96*,41.02*,44.23*,46.38*,46.81*,,,,,,,,,,,,,,,,,,,,,,,,,100.0
2019-12-06,,,,,,,,,,,,,,,,,38.78,41.12,42.88,41.27,38.85,41.47,42.19*,40.78*,40.97*,44.12*,46.35*,46.66*,,,,,,,,,,,,,,,,,,,,,,,,,100.0
2019-12-13,,,,,,,,,,,,,,,,,38.78,41.12,42.88,41.27,38.85,41.47,42.18*,40.83*,40.97*,44.12*,46.33*,46.7*,,,,,,,,,,,,,,,,,,,,,,,,,100.0
2019-12-20,,,,,,,,,,,,,,,,,38.72,41.13,42.88,41.32,38.79,41.47,42.18*,40.81*,40.88*,44.08*,46.3*,46.61*,,,,,,,,,,,,,,,,,,,,,,,,,100.0
2020-01-03,,,,,,,,,,,,,,,,,38.72,41.13,42.88,41.32,38.79,41.47,42.18*,40.69*,40.69*,43.92*,46.2*,46.51*,,,,,,,,,,,,,,,,,,,,,,,,,100.0
2020-01-10,,,,,,,,,,,,,,,,,,41.13,42.88,41.32,38.79,41.47,42.18,40.6*,40.61*,43.88*,46.16*,46.48*,44.94*,,,,,,,,,,,,,,,,,,,,,,,,100.0
2020-01-17,,,,,,,,,,,,,,,,,,41.13,42.88,41.32,38.79,41.47,42.18,40.4*,40.5*,43.9*,46.27*,46.53*,45.11*,,,,,,,,,,,,,,,,,,,,,,,,100.0
2020-01-24,,,,,,,,,,,,,,,,,,41.13,42.88,41.32,38.79,41.47,42.18,40.48*,40.43*,43.79*,46.27*,46.5*,44.91*,,,,,,,,,,,,,,,,,,,,,,,,100.0
2020-01-31,,,,,,,,,,,,,,,,,,41.13,42.88,41.32,38.79,41.47,42.18,41.18*,40.37*,43.71*,46.16*,46.64*,44.82*,,,,,,,,,,,,,,,,,,,,,,,,100.0
2020-02-07,,,,,,,,,,,,,,,,,,41.13,42.88,41.32,38.8,41.47,42.17,41.7*,39.81*,43.36*,46.05*,46.64*,44.91*,,,,,,,,,,,,,,,,,,,,,,,,100.0
2020-02-14,,,,,,,,,,,,,,,,,,41.13,42.88,41.32,38.8,41.59,42.17,41.8*,39.69*,43.31*,46.08*,46.64*,44.84*,,,,,,,,,,,,,,,,,,,,,,,,100.0
2020-02-21,,,,,,,,,,,,,,,,,,41.13,42.88,41.32,38.8,41.59,42.17,41.8*,39.49*,43.25*,46.07*,46.66*,44.73*,,,,,,,,,,,,,,,,,,,,,,,,100.0
2020-02-28,,,,,,,,,,,,,,,,,,41.13,42.88,41.32,38.8,41.59,42.21,42.12*,39.33*,43.15*,46.01*,46.72*,44.74*,,,,,,,,,,,,,,,,,,,,,,,,100.0
2020-03-06,,,,,,,,,,,,,,,,,,41.13,42.88,41.32,38.8,41.59,42.21,41.8,38.97*,42.9*,45.8*,46.56*,44.57*,,,,,,,,,,,,,,,,,,,,,,,,100.0
2020-03-13,,,,,,,,,,,,,,,,,,41.13,42.88,41.32,38.8,41.59,42.21,41.77,38.66*,42.49*,45.37*,46.2*,44.09*,,,,,,,,,,,,,,,,,,,,,,,,100.0
2020-03-20,,,,,,,,,,,,,,,,,,41.13,42.88,41.32,38.8,41.59,42.21,41.77,38.15*,41.02*,44.09*,45.32*,43.3*,,,,,,,,,,,,,,,,,,,,,,,,100.0
2020-03-27,,,,,,,,,,,,,,,,,,41.13,42.88,41.32,38.8,41.59,42.21,41.78,37.47*,38.59*,42.62*,44.34*,42.61*,,,,,,,,,,,,,,,,,,,,,,,,100.0
2020-04-03,,,,,,,,,,,,,,,,,,41.13,42.88,41.32,38.8,41.59,42.21,41.78,36.8*,36.66*,41.34*,43.5*,41.21*,,,,,,,,,,,,,,,,,,,,,,,,100.0
2020-04-09,,,,,,,,,,,,,,,,,,,42.81,41.24,38.73,41.5,42.12,41.7,35.81,34.46*,39.82*,42.21*,40.51*,43.58*,,,,,,,,,,,,,,,,,,,,,,,100.0
2020-04-17,,,,,,,,,,,,,,,,,,,42.88,41.32,38.8,41.59,42.21,41.78,33.77,30.85*,37.33*,40.49*,39.46*,42.26*,,,,,,,,,,,,,,,,,,,,,,,100.0
2020-04-24,,,,,,,,,,,,,,,,,,,42.88,41.32,38.8,41.59,42.21,41.78,33.12,28.34*,35.57*,39.13*,38.83*,41.18*,,,,,,,,,,,,,,,,,,,,,,,100.0
2020-05-01,,,,,,,,,,,,,,,,,,,42.88,41.32,38.8,41.59,42.21,41.78,32.96,26.46*,34.37*,38.38*,38.36*,40.45*,,,,,,,,,,,,,,,,,,,,,,,100.0
2020-05-08,,,,,,,,,,,,,,,,,,,42.88,41.32,38.8,41.59,42.21,41.78,33.74,24.81*,33.1*,37.45*,37.96*,39.5*,,,,,,,,,,,,,,,,,,,,,,,100.0
2020-05-15,,,,,,,,,,,,,,,,,,,42.88,41.32,38.8,41.59,42.21,41.78,33.6,24.2*,32.52*,37.13*,37.9*,39.23*,,,,,,,,,,,,,,,,,,,,,,,100.0
2020-05-22,,,,,,,,,,,,,,,,,,,42.88,41.32,38.8,41.59,42.21,41.78,33.38,23.88*,32.1*,36.83*,37.71*,39.09*,,,,,,,,,,,,,,,,,,,,,,,100.0
2020-05-29,,,,,,,,,,,,,,,,,,,42.88,41.32,38.8,41.59,42.21,41.78,33.37,23.67*,32.07*,36.71*,37.6*,39.01*,,,,,,,,,,,,,,,,,,,,,,,100.0
2020-06-05,,,,,,,,,,,,,,,,,,,42.88,41.32,38.8,41.59,42.21,41.78,33.33,23.67*,32.01*,36.72*,37.57*,38.93*,,,,,,,,,,,,,,,,,,,,,,,100.0
2020-06-12,,,,,,,,,,,,,,,,,,,42.88,41.32,38.8,41.59,42.21,41.78,33.33,23.55*,31.99*,36.67*,37.53*,38.86*,,,,,,,,,,,,,,,,,,,,,,,100.0
2020-06-19,,,,,,,,,,,,,,,,,,,42.88,41.32,38.8,41.59,42.21,41.78,33.33,23.58*,32.07*,36.69*,37.53*,38.84*,,,,,,,,,,,,,,,,,,,,,,,100.0
2020-06-26,,,,,,,,,,,,,,,,,,,42.88,41.32,38.8,41.59,42.21,41.78,33.33,23.43*,31.85*,36.54*,37.31*,38.77*,,,,,,,,,,,,,,,,,,,,,,,100.0
2020-07-02,,,,,,,,,,,,,,,,,,,42.88,41.32,38.8,41.59,42.21,41.78,33.32,23.27*,31.78*,36.53*,37.39*,38.85*,,,,,,,,,,,,,,,,,,,,,,,100.0
2020-07-10,,,,,,,,,,,,,,,,,,,,41.32,38.8,41.59,42.21,41.78,33.32,22.94*,31.8*,36.6*,37.31*,38.78*,42.34*,,,,,,,,,,,,,,,,,,,,,,100.0
2020-07-17,,,,,,,,,,,,,,,,,,,,41.32,38.8,41.59,42.21,41.78,33.32,23.73*,31.75*,36.54*,37.31*,38.86*,42.3*,,,,,,,,,,,,,,,,,,,,,,100.0
2020-07-24,,,,,,,,,,,,,,,,,,,,41.32,38.8,41.59,42.21,41.78,33.3,23.68*,32.03*,36.7*,37.43*,39.11*,42.44*,,,,,,,,,,,,,,,,,,,,,,100.0
2020-07-31,,,,,,,,,,,,,,,,,,,,41.32,38.8,41.59,42.21,41.78,33.32,25.05*,32.13*,36.57*,37.54*,39.5*,42.62*,,,,,,,,,,,,,,,,,,,,,,100.0
2020-08-07,,,,,,,,,,,,,,,,,,,,41.32,38.8,41.59,42.21,41.78,33.31,27.31*,32.47*,36.41*,37.56*,40.24*,42.89*,,,,,,,,,,,,,,,,,,,,,,100.0
2020-08-28,,,,,,,,,,,,,,,,,,,,41.32,38.8,41.59,42.21,41.78,33.32,28.19*,32.59*,36.12*,37.57*,40.53*,42.97*,,,,,,,,,,,,,,,,,,,,,,100.0
2020-09-04,,,,,,,,,,,,,,,,,,,,41.32,38.8,41.59,42.21,41.78,33.32,28.21*,32.65*,36.14*,37.54*,40.54*,43.0*,,,,,,,,,,,,,,,,,,,,,,100.0
2020-09-18,,,,,,,,,,,,,,,,,,,,41.32,38.8,41.59,42.21,41.78,33.32,28.22*,32.87*,36.2*,37.6*,40.58*,43.14*,,,,,,,,,,,,,,,,,,,,,,100.0
2020-09-25,,,,,,,,,,,,,,,,,,,,41.32,38.8,41.59,42.21,41.78,33.32,28.22*,32.95*,36.11*,37.37*,40.57*,43.21*,,,,,,,,,,,,,,,,,,,,,,100.0
2020-10-02,,,,,,,,,,,,,,,,,,,,41.32,38.8,41.59,42.21,41.78,33.32,28.22*,33.11*,36.1*,37.28*,40.49*,43.09*,,,,,,,,,,,,,,,,,,,,,,100.0
2020-10-09,,,,,,,,,,,,,,,,,,,,,38.8,41.59,42.21,41.78,33.32,28.22,33.3*,36.14*,37.34*,40.53*,43.03*,45.04*,,,,,,,,,,,,,,,,,,,,,100.0
2020-10-16,,,,,,,,,,,,,,,,,,,,,38.8,41.59,42.21,41.78,33.32,28.22,34.1*,36.49*,37.67*,40.73*,43.01*,44.84*,,,,,,,,,,,,,,,,,,,,,100.0
2020-10-23,,,,,,,,,,,,,,,,,,,,,38.8,41.59,42.21,41.78,33.32,28.22,34.77*,36.36*,37.61*,40.66*,43.17*,44.94*,,,,,,,,,,,,,,,,,,,,,100.0
2020-10-30,,,,,,,,,,,,,,,,,,,,,38.8,41.59,42.21,41.78,33.32,28.22,36.45*,36.5*,37.69*,40.68*,43.48*,45.01*,,,,,,,,,,,,,,,,,,,,,100.0
2020-11-06,,,,,,,,,,,,,,,,,,,,,38.8,41.59,42.21,41.78,33.32,28.22,38.58*,36.86*,37.83*,40.71*,43.88*,45.11*,,,,,,,,,,,,,,,,,,,,,100.0
2020-11-13,,,,,,,,,,,,,,,,,,,,,38.8,41.59,42.21,41.78,33.32,28.22,38.74*,36.91*,37.86*,40.73*,44.11*,45.28*,,,,,,,,,,,,,,,,,,,,,100.0
2020-11-20,,,,,,,,,,,,,,,,,,,,,38.8,41.59,42.21,41.78,33.32,28.22,39.23*,37.05*,37.99*,40.82*,44.38*,45.36*,,,,,,,,,,,,,,,,,,,,,100.0
2020-12-04,,,,,,,,,,,,,,,,,,,,,38.8,41.59,42.21,41.78,33.32,28.22,39.39*,37.17*,38.03*,40.87*,44.49*,45.45*,,,,,,,,,,,,,,,,,,,,,100.0
2020-12-11,,,,,,,,,,,,,,,,,,,,,38.8,41.59,42.21,41.78,33.32,28.22,39.41*,37.26*,38.13*,40.94*,44.59*,45.54*,,,,,,,,,,,,,,,,,,,,,100.0
2020-12-18,,,,,,,,,,,,,,,,,,,,,38.83,41.62,42.23,41.8,33.35,28.25,39.41*,37.39*,38.22*,41.01*,44.76*,45.62*,,,,,,,,,,,,,,,,,,,,,100.0
2021-01-08,,,,,,,,,,,,,,,,,,,,,38.83,41.62,42.24,41.8,33.35,28.25,39.41*,37.06*,37.69*,40.45*,44.21*,45.12*,,,,,,,,,,,,,,,,,,,,,100.0
2021-01-15,,,,,,,,,,,,,,,,,,,,,,41.62,42.24,41.8,33.35,28.25,39.41,37.27*,37.73*,40.61*,44.33*,45.34*,43.07*,,,,,,,,,,,,,,,,,,,,100.0
2021-01-29,,,,,,,,,,,,,,,,,,,,,,41.62,42.24,41.8,33.35,28.25,39.41,39.54*,38.87*,41.29*,44.85*,46.57*,45.07*,,,,,,,,,,,,,,,,,,,,100.0
2021-02-05,,,,,,,,,,,,,,,,,,,,,,41.62,42.24,41.8,33.35,28.25,39.41,41.08*,39.32*,41.48*,45.11*,47.3*,45.45*,,,,,,,,,,,,,,,,,,,,100.0
2021-02-12,,,,,,,,,,,,,,,,,,,,,,41.62,42.24,41.8,33.35,28.25,39.41,41.74*,39.38*,41.48*,45.13*,47.64*,45.9*,,,,,,,,,,,,,,,,,,,,100.0
2021-02-19,,,,,,,,,,,,,,,,,,,,,,41.63,42.24,41.79,33.35,28.25,39.41,41.95*,39.4*,41.44*,45.15*,47.77*,45.95*,,,,,,,,,,,,,,,,,,,,100.0
2021-02-26,,,,,,,,,,,,,,,,,,,,,,41.63,42.24,41.79,33.35,28.25,39.41,42.19*,39.5*,41.52*,45.27*,47.87*,46.0*,,,,,,,,,,,,,,,,,,,,100.0
2021-03-05,,,,,,,,,,,,,,,,,,,,,,41.63,42.24,41.79,33.35,28.25,39.41,42.32*,39.6*,41.56*,45.37*,48.02*,46.18*,,,,,,,,,,,,,,,,,,,,100.0
2021-03-12,,,,,,,,,,,,,,,,,,,,,,41.62,42.22,41.77,33.34,28.23,39.39,42.32*,39.69*,41.72*,45.53*,48.15*,46.27*,,,,,,,,,,,,,,,,,,,,100.0
2021-03-19,,,,,,,,,,,,,,,,,,,,,,41.63,42.24,41.79,33.35,28.25,39.41,42.32*,39.79*,41.87*,45.59*,48.29*,46.34*,,,,,,,,,,,,,,,,,,,,100.0
2021-03-26,,,,,,,,,,,,,,,,,,,,,,41.63,42.24,41.79,33.35,28.25,39.41,42.32*,39.74*,41.76*,45.43*,48.07*,46.23*,,,,,,,,,,,,,,,,,,,,100.0
2021-04-01,,,,,,,,,,,,,,,,,,,,,,41.63,42.24,41.79,33.35,28.25,39.41,42.32*,39.86*,41.87*,45.55*,48.19*,46.42*,,,,,,,,,,,,,,,,,,,,100.0
2021-04-09,,,,,,,,,,,,,,,,,,,,,,,42.24,41.79,33.35,28.25,39.41,42.32,40.2*,42.17*,45.81*,48.37*,46.72*,49.1*,,,,,,,,,,,,,,,,,,,100.0
2021-04-16,,,,,,,,,,,,,,,,,,,,,,,42.24,41.79,33.35,28.25,39.41,42.32,41.9*,42.59*,46.16*,48.7*,46.91*,49.24*,,,,,,,,,,,,,,,,,,,100.0
2021-04-23,,,,,,,,,,,,,,,,,,,,,,,42.24,41.79,33.35,28.25,39.41,42.32,41.89*,42.68*,46.19*,48.75*,47.08*,49.37*,,,,,,,,,,,,,,,,,,,100.0
2021-05-07,,,,,,,,,,,,,,,,,,,,,,,42.24,41.79,33.35,28.25,39.41,42.32,48.08*,43.96*,47.0*,49.21*,49.6*,50.71*,,,,,,,,,,,,,,,,,,,100.0
2021-05-14,,,,,,,,,,,,,,,,,,,,,,,42.24,41.79,33.35,28.25,39.41,42.32,48.34*,44.02*,46.96*,49.11*,49.81*,50.86*,,,,,,,,,,,,,,,,,,,100.0
2021-05-21,,,,,,,,,,,,,,,,,,,,,,,42.24,41.79,33.35,28.25,39.41,42.32,48.84*,44.1*,46.96*,49.14*,49.95*,50.92*,,,,,,,,,,,,,,,,,,,100.0
2021-06-04,,,,,,,,,,,,,,,,,,,,,,,42.24,41.79,33.35,28.25,39.41,42.32,49.08*,44.47*,47.19*,49.35*,50.35*,51.18*,,,,,,,,,,,,,,,,,,,100.0
2021-06-11,,,,,,,,,,,,,,,,,,,,,,,42.26,41.8,33.37,28.27,39.43,42.34,49.06*,44.59*,47.21*,49.37*,50.33*,51.2*,,,,,,,,,,,,,,,,,,,100.0
2021-06-17,,,,,,,,,,,,,,,,,,,,,,,42.26,41.8,33.37,28.27,39.43,42.34,49.06*,44.68*,47.29*,49.4*,50.35*,51.2*,,,,,,,,,,,,,,,,,,,100.0
2021-07-02,,,,,,,,,,,,,,,,,,,,,,,42.24,41.79,33.35,28.25,39.4,42.3,49.06*,45.09*,47.51*,49.65*,50.47*,51.54*,,,,,,,,,,,,,,,,,,,100.0
2021-07-09,,,,,,,,,,,,,,,,,,,,,,,,41.79,33.35,28.25,39.4,42.3,49.06,45.23*,47.65*,49.76*,50.47*,51.65*,54.45*,,,,,,,,,,,,,,,,,,100.0
2021-07-16,,,,,,,,,,,,,,,,,,,,,,,,41.79,33.35,28.25,39.4,42.3,49.06,46.8*,47.86*,49.94*,50.5*,51.75*,54.5*,,,,,,,,,,,,,,,,,,100.0
2021-07-23,,,,,,,,,,,,,,,,,,,,,,,,41.79,33.35,28.25,39.4,42.3,49.06,47.78*,48.29*,50.35*,50.67*,51.97*,54.55*,,,,,,,,,,,,,,,,,,100.0
2021-07-30,,,,,,,,,,,,,,,,,,,,,,,,41.79,33.35,28.25,39.4,42.3,49.06,50.79*,49.22*,51.08*,51.18*,53.31*,55.52*,,,,,,,,,,,,,,,,,,100.0
2021-08-06,,,,,,,,,,,,,,,,,,,,,,,,41.79,33.35,28.25,39.4,42.3,49.06,52.15*,49.22*,51.05*,51.36*,53.88*,55.53*,,,,,,,,,,,,,,,,,,100.0
2021-08-13,,,,,,,,,,,,,,,,,,,,,,,,41.79,33.35,28.25,39.4,42.3,49.06,52.36*,49.21*,51.08*,51.6*,54.23*,55.81*,,,,,,,,,,,,,,,,,,100.0
2021-09-03,,,,,,,,,,,,,,,,,,,,,,,,41.79,33.35,28.25,39.4,42.3,49.03,52.8*,49.3*,51.19*,51.8*,54.71*,55.98*,,,,,,,,,,,,,,,,,,100.0
2021-09-10,,,,,,,,,,,,,,,,,,,,,,,,41.78,33.37,28.3,39.42,42.27,48.99,52.8*,49.23*,51.23*,51.84*,54.75*,55.98*,,,,,,,,,,,,,,,,,,100.0
2021-09-17,,,,,,,,,,,,,,,,,,,,,,,,41.79,33.35,28.25,39.4,42.3,49.03,52.8*,49.11*,51.2*,51.83*,54.78*,56.03*,,,,,,,,,,,,,,,,,,100.0
2021-09-24,,,,,,,,,,,,,,,,,,,,,,,,41.79,33.35,28.25,39.4,42.3,49.03,52.8*,48.93*,51.04*,51.74*,54.68*,56.0*,,,,,,,,,,,,,,,,,,100.0
2021-10-01,,,,,,,,,,,,,,,,,,,,,,,,41.79,33.35,28.25,39.4,42.3,49.03,52.8*,48.89*,51.03*,51.59*,54.57*,55.95*,,,,,,,,,,,,,,,,,,100.0
2021-10-08,,,,,,,,,,,,,,,,,,,,,,,,,33.35,28.25,39.4,42.3,49.03,52.8,48.93*,51.14*,51.61*,54.68*,56.07*,57.74*,,,,,,,,,,,,,,,,,100.0
2021-10-15,,,,,,,,,,,,,,,,,,,,,,,,,33.35,28.25,39.4,42.3,49.03,52.8,49.24*,51.14*,51.48*,54.64*,56.09*,57.79*,,,,,,,,,,,,,,,,,100.0
2021-10-22,,,,,,,,,,,,,,,,,,,,,,,,,33.35,28.25,39.4,42.3,49.02,52.8,50.58*,51.51*,51.92*,54.89*,56.39*,58.01*,,,,,,,,,,,,,,,,,100.0
2021-10-29,,,,,,,,,,,,,,,,,,,,,,,,,33.35,28.25,39.4,42.3,49.02,52.81,52.31*,51.53*,51.98*,54.91*,56.78*,57.94*,,,,,,,,,,,,,,,,,100.0
2021-11-05,,,,,,,,,,,,,,,,,,,,,,,,,33.35,28.25,39.4,42.3,49.02,52.81,53.47*,51.14*,52.1*,54.9*,57.07*,57.65*,,,,,,,,,,,,,,,,,100.0
2021-11-12,,,,,,,,,,,,,,,,,,,,,,,,,33.35,28.25,39.4,42.3,49.02,52.81,53.6*,51.0*,52.02*,54.84*,57.03*,57.52*,,,,,,,,,,,,,,,,,100.0
2021-11-19,,,,,,,,,,,,,,,,,,,,,,,,,33.35,28.25,39.4,42.3,49.04,52.81,53.8*,51.09*,52.09*,54.92*,57.24*,57.72*,,,,,,,,,,,,,,,,,100.0
2021-12-10,,,,,,,,,,,,,,,,,,,,,,,,,33.35,28.25,39.4,42.3,49.04,52.81,53.86*,51.09*,52.02*,54.99*,57.49*,58.01*,,,,,,,,,,,,,,,,,100.0
2022-01-13,,,,,,,,,,,,,,,,,,,,,,,,,,28.25,39.4,42.3,49.04,52.81,53.86,51.32*,52.17*,55.14*,57.9*,58.54*,56.11*,,,,,,,,,,,,,,,,100.0
2022-01-28,,,,,,,,,,,,,,,,,,,,,,,,,,28.25,39.4,42.3,49.04,52.81,53.86,52.06*,51.82*,55.18*,57.98*,58.55*,56.67*,,,,,,,,,,,,,,,,100.0
2022-02-04,,,,,,,,,,,,,,,,,,,,,,,,,,28.25,39.4,42.3,49.04,52.81,53.86,53.14*,52.06*,55.23*,58.07*,59.06*,56.81*,,,,,,,,,,,,,,,,100.0
2022-02-11,,,,,,,,,,,,,,,,,,,,,,,,,,28.23,39.37,42.28,49.04,52.77,53.83,54.9*,51.9*,55.43*,58.39*,59.45*,56.66*,,,,,,,,,,,,,,,,100.0
2022-02-18,,,,,,,,,,,,,,,,,,,,,,,,,,28.25,39.4,42.3,49.04,52.8,53.88,55.16*,51.86*,55.44*,58.39*,59.72*,56.7*,,,,,,,,,,,,,,,,100.0
2022-02-25,,,,,,,,,,,,,,,,,,,,,,,,,,28.25,39.4,42.3,49.04,52.8,53.88,55.24*,51.64*,55.39*,58.41*,59.82*,56.63*,,,,,,,,,,,,,,,,100.0
2022-03-04,,,,,,,,,,,,,,,,,,,,,,,,,,28.25,39.4,42.3,49.04,52.8,53.88,55.43,51.64*,55.44*,58.5*,59.96*,56.83*,,,,,,,,,,,,,,,,100.0
2022-03-11,,,,,,,,,,,,,,,,,,,,,,,,,,28.25,39.4,42.3,49.04,52.8,53.88,55.44,51.79*,55.59*,58.62*,60.17*,57.44*,,,,,,,,,,,,,,,,100.0
2022-03-18,,,,,,,,,,,,,,,,,,,,,,,,,,28.25,39.4,42.3,49.04,52.8,53.88,55.37,51.91*,55.84*,58.85*,60.35*,57.68*,,,,,,,,,,,,,,,,100.0
2022-03-25,,,,,,,,,,,,,,,,,,,,,,,,,,28.25,39.4,42.3,49.04,52.8,53.88,55.37,51.85*,55.95*,58.99*,60.44*,57.79*,,,,,,,,,,,,,,,,100.0
2022-04-01,,,,,,,,,,,,,,,,,,,,,,,,,,28.25,39.4,42.3,49.04,52.79,53.87,55.36,51.83*,56.07*,59.23*,60.59*,57.6*,,,,,,,,,,,,,,,,100.0
2022-04-08,,,,,,,,,,,,,,,,,,,,,,,,,,,39.4,42.3,49.04,52.8,53.87,55.37,,56.26*,59.38*,60.78*,57.82*,61.18*,,,,,,,,,,,,,,,100.0
2022-04-14,,,,,,,,,,,,,,,,,,,,,,,,,,,39.4,42.3,49.04,52.8,53.88,55.37,51.6*,56.23*,59.4*,60.8*,57.92*,61.24*,,,,,,,,,,,,,,,100.0
2022-04-22,,,,,,,,,,,,,,,,,,,,,,,,,,,39.4,42.3,49.04,52.8,53.88,55.37,52.57*,56.6*,59.81*,61.12*,58.47*,61.64*,,,,,,,,,,,,,,,100.0
2022-04-29,,,,,,,,,,,,,,,,,,,,,,,,,,,39.4,42.3,49.04,52.8,53.88,55.37,53.37*,56.38*,59.76*,61.01*,58.8*,61.62*,,,,,,,,,,,,,,,100.0
2022-05-06,,,,,,,,,,,,,,,,,,,,,,,,,,,39.4,42.3,49.04,52.8,53.88,55.38,53.6*,55.81*,59.56*,60.75*,58.87*,61.3*,,,,,,,,,,,,,,,100.0
2022-05-13,,,,,,,,,,,,,,,,,,,,,,,,,,,39.4,42.3,49.04,52.8,53.88,55.38,53.91*,55.62*,59.42*,60.64*,59.08*,61.38*,,,,,,,,,,,,,,,100.0
2022-05-20,,,,,,,,,,,,,,,,,,,,,,,,,,,39.4,42.31,49.04,52.8,53.87,55.38,53.96*,55.51*,59.43*,60.71*,59.11*,61.16*,,,,,,,,,,,,,,,100.0
2022-05-27,,,,,,,,,,,,,,,,,,,,,,,,,,,39.4,42.31,49.04,52.8,53.87,55.38,54.02*,55.42*,59.48*,60.73*,59.37*,61.37*,,,,,,,,,,,,,,,100.0
2022-06-03,,,,,,,,,,,,,,,,,,,,,,,,,,,39.4,42.31,49.04,52.8,53.87,55.38,54.02*,55.34*,59.5*,60.78*,59.42*,61.3*,,,,,,,,,,,,,,,100.0
2022-06-10,,,,,,,,,,,,,,,,,,,,,,,,,,,39.4,42.31,49.04,52.8,53.87,55.38,54.02*,55.4*,59.64*,60.95*,59.5*,61.3*,,,,,,,,,,,,,,,100.0
2022-06-17,,,,,,,,,,,,,,,,,,,,,,,,,,,39.4,42.31,49.04,52.8,53.87,55.38,54.02*,55.53*,59.69*,60.94*,59.54*,61.4*,,,,,,,,,,,,,,,100.0
2022-06-24,,,,,,,,,,,,,,,,,,,,,,,,,,,39.4,42.31,49.04,52.8,53.87,55.38,54.02*,55.52*,59.58*,60.83*,59.34*,61.25*,,,,,,,,,,,,,,,100.0
2022-07-01,,,,,,,,,,,,,,,,,,,,,,,,,,,39.4,42.31,49.04,52.8,53.87,55.38,54.02*,55.44*,59.49*,60.64*,59.26*,61.14*,,,,,,,,,,,,,,,100.0
2022-07-08,,,,,,,,,,,,,,,,,,,,,,,,,,,,42.31,49.04,52.8,53.87,55.38,54.02,55.77*,59.34*,60.53*,,61.0*,64.2*,,,,,,,,,,,,,,100.0
2022-07-15,,,,,,,,,,,,,,,,,,,,,,,,,,,,42.31,49.04,52.8,53.87,55.38,54.02,55.78*,59.2*,60.48*,59.22*,60.86*,64.01*,,,,,,,,,,,,,,100.0
2022-07-22,,,,,,,,,,,,,,,,,,,,,,,,,,,,42.31,49.04,52.8,53.87,55.38,54.02,55.88*,58.91*,60.21*,59.27*,60.81*,63.52*,,,,,,,,,,,,,,100.0
2022-07-29,,,,,,,,,,,,,,,,,,,,,,,,,,,,42.31,49.04,52.8,53.87,55.38,54.02,56.45*,57.98*,59.26*,58.49*,60.41*,62.49*,,,,,,,,,,,,,,100.0
2022-09-09,,,,,,,,,,,,,,,,,,,,,,,,,,,,42.31,49.04,52.8,53.87,55.38,54.02,56.87*,56.19*,58.63*,57.85*,60.07*,61.64*,,,,,,,,,,,,,,100.0
2022-09-23,,,,,,,,,,,,,,,,,,,,,,,,,,,,42.31,49.04,52.8,53.87,55.38,54.02,56.87,55.72*,58.1*,57.39*,59.73*,61.35*,,,,,,,,,,,,,,100.0
2022-10-07,,,,,,,,,,,,,,,,,,,,,,,,,,,,,49.04,52.8,53.87,55.38,54.02,56.87,55.33*,57.7*,57.03*,59.37*,60.73*,62.79*,,,,,,,,,,,,,100.0
2022-10-14,,,,,,,,,,,,,,,,,,,,,,,,,,,,,49.04,52.8,53.87,55.38,54.02,56.87,54.83*,57.49*,56.8*,59.01*,60.4*,62.49*,,,,,,,,,,,,,100.0
2022-10-21,,,,,,,,,,,,,,,,,,,,,,,,,,,,,49.04,52.8,53.87,55.38,54.02,56.87,54.93*,57.28*,,58.66*,60.09*,62.07*,,,,,,,,,,,,,100.0
2022-10-28,,,,,,,,,,,,,,,,,,,,,,,,,,,,,49.04,52.8,53.87,55.38,54.02,56.87,54.64*,56.46*,55.81*,57.85*,59.57*,61.19*,,,,,,,,,,,,,100.0
2022-11-04,,,,,,,,,,,,,,,,,,,,,,,,,,,,,49.04,52.8,53.87,55.38,54.02,56.87,55.59*,55.44*,55.27*,57.6*,59.35*,60.45*,,,,,,,,,,,,,100.0
2022-12-02,,,,,,,,,,,,,,,,,,,,,,,,,,,,,49.04,52.8,53.87,55.38,54.09,56.69,55.65*,54.57*,54.95*,57.36*,59.24*,59.85*,,,,,,,,,,,,,100.0
2022-12-09,,,,,,,,,,,,,,,,,,,,,,,,,,,,,49.04,52.8,53.87,55.38,54.09,56.69,55.65*,54.5*,54.83*,57.3*,59.25*,59.91*,,,,,,,,,,,,,100.0
2023-01-13,,,,,,,,,,,,,,,,,,,,,,,,,,,,,,52.8,53.87,55.38,54.09,56.69,55.65,53.33*,53.85*,56.49*,58.59*,59.4*,59.09*,,,,,,,,,,,,100.0
2023-01-20,,,,,,,,,,,,,,,,,,,,,,,,,,,,,,52.8,53.87,55.38,54.09,56.69,55.65,53.27*,53.62*,56.03*,58.15*,58.75*,58.7*,,,,,,,,,,,,100.0
2023-02-03,,,,,,,,,,,,,,,,,,,,,,,,,,,,,,52.8,53.87,55.38,54.09,56.69,55.65,53.5*,52.43*,55.26*,57.55*,58.41*,58.34*,,,,,,,,,,,,100.0
2023-02-10,,,,,,,,,,,,,,,,,,,,,,,,,,,,,,52.8,53.87,55.38,54.09,56.69,55.65,53.34*,51.7*,55.07*,57.41*,58.4*,58.01*,,,,,,,,,,,,100.0
2023-02-17,,,,,,,,,,,,,,,,,,,,,,,,,,,,,,52.8,53.87,55.38,54.09,56.69,55.65,53.45*,51.48*,55.04*,57.55*,58.58*,57.9*,,,,,,,,,,,,100.0
2023-02-24,,,,,,,,,,,,,,,,,,,,,,,,,,,,,,52.8,53.87,55.38,54.09,56.69,55.65,53.56*,51.39*,54.89*,57.43*,58.56*,57.53*,,,,,,,,,,,,100.0
2023-03-10,,,,,,,,,,,,,,,,,,,,,,,,,,,,,,52.73,53.82,55.33,54.03,56.64,55.59,53.42,51.07*,54.7*,57.19*,58.65*,57.7*,,,,,,,,,,,,100.0
2023-03-16,,,,,,,,,,,,,,,,,,,,,,,,,,,,,,52.73,53.82,55.33,54.03,56.64,55.59,53.42,51.01*,54.74*,57.2*,58.64*,57.65*,,,,,,,,,,,,100.0
2023-03-31,,,,,,,,,,,,,,,,,,,,,,,,,,,,,,52.73,53.82,55.33,54.03,56.64,55.59,53.42,50.75*,54.39*,56.86*,58.44*,57.55*,,,,,,,,,,,,100.0
2023-04-06,,,,,,,,,,,,,,,,,,,,,,,,,,,,,,52.73,53.82,55.33,54.03,56.64,55.59,53.42,50.67*,54.4*,56.79*,58.37*,57.45*,,,,,,,,,,,,100.0
2023-04-14,,,,,,,,,,,,,,,,,,,,,,,,,,,,,,,53.87,55.38,54.09,56.69,55.65,53.49,50.34*,54.18*,56.61*,58.14*,57.25*,60.25*,,,,,,,,,,,100.0
2023-04-21,,,,,,,,,,,,,,,,,,,,,,,,,,,,,,,53.82,55.33,54.03,56.64,55.59,53.42,50.76*,53.99*,56.51*,57.89*,56.94*,60.1*,,,,,,,,,,,100.0
2023-04-28,,,,,,,,,,,,,,,,,,,,,,,,,,,,,,,53.82,55.33,54.03,56.64,55.59,53.42,52.02*,53.89*,56.55*,58.11*,57.48*,60.27*,,,,,,,,,,,100.0
2023-05-05,,,,,,,,,,,,,,,,,,,,,,,,,,,,,,,53.82,55.33,54.03,56.64,55.59,53.42,52.78*,53.62*,56.3*,58.02*,57.83*,60.14*,,,,,,,,,,,100.0
2023-05-12,,,,,,,,,,,,,,,,,,,,,,,,,,,,,,,53.82,55.33,54.03,56.64,55.59,53.42,52.98*,53.14*,56.04*,57.86*,57.71*,59.8*,,,,,,,,,,,100.0
2023-05-19,,,,,,,,,,,,,,,,,,,,,,,,,,,,,,,53.82,55.33,54.03,56.64,55.59,53.42,53.06*,53.11*,56.04*,57.88*,57.72*,59.79*,,,,,,,,,,,100.0
2023-05-26,,,,,,,,,,,,,,,,,,,,,,,,,,,,,,,53.87,55.38,54.09,56.69,55.65,53.49,53.21*,53.06*,56.07*,57.84*,57.82*,59.73*,,,,,,,,,,,100.0
2023-06-01,,,,,,,,,,,,,,,,,,,,,,,,,,,,,,,53.87,55.38,54.09,56.69,55.65,53.49,53.25*,53.28*,56.37*,58.1*,58.04*,59.91*,,,,,,,,,,,100.0
2023-06-09,,,,,,,,,,,,,,,,,,,,,,,,,,,,,,,53.87,55.38,54.09,56.69,55.65,53.49,53.19*,53.21*,56.27*,57.89*,57.94*,59.77*,,,,,,,,,,,100.0
2023-06-23,,,,,,,,,,,,,,,,,,,,,,,,,,,,,,,53.87,55.38,54.09,56.69,55.65,53.49,53.25*,53.11*,56.15*,57.74*,57.89*,59.78*,,,,,,,,,,,100.0
2023-06-30,,,,,,,,,,,,,,,,,,,,,,,,,,,,,,,53.87,55.38,54.09,56.69,55.65,53.49,53.25*,52.8*,55.97*,57.7*,57.71*,59.74*,,,,,,,,,,,100.0
2023-07-07,,,,,,,,,,,,,,,,,,,,,,,,,,,,,,,,55.38,54.09,56.69,55.65,53.49,53.25,52.71*,55.84*,57.71*,57.65*,59.66*,62.97*,,,,,,,,,,100.0
2023-07-21,,,,,,,,,,,,,,,,,,,,,,,,,,,,,,,,55.38,54.09,56.69,55.65,53.49,53.25,51.47*,55.68*,57.53*,57.45*,59.66*,62.81*,,,,,,,,,,100.0
2023-08-04,,,,,,,,,,,,,,,,,,,,,,,,,,,,,,,,55.38,54.09,56.69,55.65,53.49,53.34,53.52*,55.75*,57.68*,57.58*,60.15*,62.87*,,,,,,,,,,100.0
2023-09-01,,,,,,,,,,,,,,,,,,,,,,,,,,,,,,,,55.38,54.09,56.69,55.65,53.49,53.33,54.53*,56.1*,58.07*,58.29*,61.17*,63.36*,,,,,,,,,,100.0
2023-09-08,,,,,,,,,,,,,,,,,,,,,,,,,,,,,,,,55.38,54.09,56.69,55.65,53.49,53.33,54.53*,56.1*,58.06*,58.22*,61.17*,63.38*,,,,,,,,,,100.0
2023-09-15,,,,,,,,,,,,,,,,,,,,,,,,,,,,,,,,55.38,54.09,56.69,55.65,53.49,53.33,54.53*,56.07*,58.09*,58.22*,61.15*,63.35*,,,,,,,,,,100.0
2023-09-22,,,,,,,,,,,,,,,,,,,,,,,,,,,,,,,,55.38,54.09,56.69,55.65,53.49,53.33,54.53*,55.74*,57.85*,57.93*,60.9*,63.16*,,,,,,,,,,100.0
2023-09-29,,,,,,,,,,,,,,,,,,,,,,,,,,,,,,,,55.38,54.09,56.69,55.65,53.49,53.33,54.53*,55.75*,57.92*,57.94*,60.88*,63.13*,,,,,,,,,,100.0
2023-10-13,,,,,,,,,,,,,,,,,,,,,,,,,,,,,,,,,54.09,56.69,55.65,53.49,53.33,54.53,55.77*,57.64*,57.75*,60.74*,63.04*,65.13*,,,,,,,,,100.0
2023-11-03,,,,,,,,,,,,,,,,,,,,,,,,,,,,,,,,,54.09,56.69,55.65,53.49,53.33,54.54,57.93*,55.51*,57.11*,60.42*,63.6*,64.64*,,,,,,,,,100.0
2023-11-10,,,,,,,,,,,,,,,,,,,,,,,,,,,,,,,,,54.09,56.69,55.65,53.49,53.33,54.54,58.49*,55.1*,56.93*,60.29*,63.68*,64.41*,,,,,,,,,100.0
2023-11-17,,,,,,,,,,,,,,,,,,,,,,,,,,,,,,,,,54.09,56.69,55.65,53.49,53.33,54.54,58.6*,54.93*,56.76*,60.21*,63.65*,64.32*,,,,,,,,,100.0
2023-12-01,,,,,,,,,,,,,,,,,,,,,,,,,,,,,,,,,54.09,56.69,55.65,53.49,53.33,54.54,58.9*,54.95*,56.95*,60.37*,63.9*,64.46*,,,,,,,,,100.0
2023-12-08,,,,,,,,,,,,,,,,,,,,,,,,,,,,,,,,,54.09,56.69,55.65,53.49,53.33,54.54,58.9*,54.81*,56.94*,60.32*,63.97*,64.5*,,,,,,,,,100.0
2023-12-15,,,,,,,,,,,,,,,,,,,,,,,,,,,,,,,,,54.09,56.69,55.65,53.49,53.33,54.54,58.9*,54.5*,56.58*,60.13*,63.8*,64.28*,,,,,,,,,100.0
2024-01-05,,,,,,,,,,,,,,,,,,,,,,,,,,,,,,,,,54.09,56.69,55.65,53.49,53.33,54.54,58.9*,53.75*,56.35*,59.91*,63.57*,64.06*,,,,,,,,,100.0
2024-01-12,,,,,,,,,,,,,,,,,,,,,,,,,,,,,,,,,,56.69,55.65,53.49,53.33,54.54,58.9,53.52*,56.16*,59.7*,63.39*,63.85*,64.02*,,,,,,,,100.0
2024-01-19,,,,,,,,,,,,,,,,,,,,,,,,,,,,,,,,,,56.69,55.65,53.49,53.33,54.54,58.9,52.18*,56.04*,59.63*,63.35*,63.84*,63.83*,,,,,,,,100.0
2024-02-02,,,,,,,,,,,,,,,,,,,,,,,,,,,,,,,,,,56.69,55.65,53.49,53.33,54.54,58.9,53.42*,55.55*,59.24*,63.14*,64.1*,63.08*,,,,,,,,100.0
2024-02-09,,,,,,,,,,,,,,,,,,,,,,,,,,,,,,,,,,56.69,55.65,53.49,53.33,54.54,58.9,54.89*,55.39*,59.34*,63.19*,64.66*,63.44*,,,,,,,,100.0
2024-02-16,,,,,,,,,,,,,,,,,,,,,,,,,,,,,,,,,,56.69,55.65,53.49,53.33,54.54,58.9,55.07*,55.28*,59.25*,63.23*,64.76*,63.41*,,,,,,,,100.0
2024-03-01,,,,,,,,,,,,,,,,,,,,,,,,,,,,,,,,,,56.69,55.65,53.49,53.33,54.55,58.91,55.47*,55.11*,59.31*,63.34*,65.09*,63.37*,,,,,,,,100.0
2024-03-08,,,,,,,,,,,,,,,,,,,,,,,,,,,,,,,,,,56.69,55.65,53.49,53.33,54.5,58.91,55.56*,55.1*,59.34*,63.42*,65.15*,63.46*,,,,,,,,100.0
2024-03-15,,,,,,,,,,,,,,,,,,,,,,,,,,,,,,,,,,56.69,55.65,53.49,53.33,54.5,58.91,55.56*,55.02*,59.35*,63.51*,65.27*,63.46*,,,,,,,,100.0
2024-03-21,,,,,,,,,,,,,,,,,,,,,,,,,,,,,,,,,,56.69,55.65,53.49,53.33,54.5,58.91,55.56*,54.86*,59.2*,63.36*,65.15*,63.23*,,,,,,,,100.0
2024-03-28,,,,,,,,,,,,,,,,,,,,,,,,,,,,,,,,,,56.69,55.65,53.49,53.33,54.5,58.91,55.56*,54.94*,59.22*,63.35*,65.18*,63.27*,,,,,,,,100.0
2024-04-12,,,,,,,,,,,,,,,,,,,,,,,,,,,,,,,,,,,55.61,53.43,53.3,54.45,58.86,55.5,54.71*,59.52*,63.55*,65.41*,63.32*,,,,,,,,100.0
2024-04-19,,,,,,,,,,,,,,,,,,,,,,,,,,,,,,,,,,,55.65,53.49,53.33,54.5,58.91,55.56,53.65*,59.54*,63.59*,65.38*,63.35*,,,,,,,,100.0
2024-05-03,,,,,,,,,,,,,,,,,,,,,,,,,,,,,,,,,,,55.66,53.47,53.34,54.51,58.91,55.56,55.64*,59.58*,63.59*,65.19*,64.53*,,,,,,,,100.0
2024-05-10,,,,,,,,,,,,,,,,,,,,,,,,,,,,,,,,,,,55.66,53.47,53.34,54.51,58.91,55.56,56.17*,59.48*,63.53*,65.06*,64.66*,,,,,,,,100.0
2024-05-17,,,,,,,,,,,,,,,,,,,,,,,,,,,,,,,,,,,55.66,53.47,53.34,54.51,58.91,55.56,56.23*,59.42*,63.42*,65.05*,64.66*,67.44*,,,,,,,100.0
2024-05-24,,,,,,,,,,,,,,,,,,,,,,,,,,,,,,,,,,,55.66,53.47,53.34,54.51,58.91,55.56,56.47*,59.52*,63.52*,65.24*,64.91*,,,,,,,,100.0
2024-05-31,,,,,,,,,,,,,,,,,,,,,,,,,,,,,,,,,,,55.66,53.47,53.34,54.51,58.91,55.56,56.49*,59.43*,63.53*,65.25*,64.98*,,,,,,,,100.0
2024-06-07,,,,,,,,,,,,,,,,,,,,,,,,,,,,,,,,,,,55.66,53.47,53.34,54.51,58.91,55.56,56.49*,59.38*,63.54*,65.23*,65.0*,,,,,,,,100.0
2024-06-14,,,,,,,,,,,,,,,,,,,,,,,,,,,,,,,,,,,55.66,53.47,53.34,54.51,58.91,55.56,56.49*,59.34*,63.51*,65.26*,65.06*,67.86*,,,,,,,100.0
2024-07-03,,,,,,,,,,,,,,,,,,,,,,,,,,,,,,,,,,,55.66,53.47,53.34,54.51,58.91,55.56,56.49*,58.91*,63.18*,65.08*,64.97*,67.78*,,,,,,,100.0
2024-07-12,,,,,,,,,,,,,,,,,,,,,,,,,,,,,,,,,,,,53.47,53.34,54.51,58.91,55.56,56.49,59.13*,63.09*,65.06*,64.93*,67.74*,71.91*,,,,,,100.0
2024-07-19,,,,,,,,,,,,,,,,,,,,,,,,,,,,,,,,,,,,53.47,53.34,54.51,58.91,55.56,56.49,59.33*,62.74*,64.96*,64.84*,67.77*,71.89*,,,,,,100.0
2024-07-26,,,,,,,,,,,,,,,,,,,,,,,,,,,,,,,,,,,,53.47,53.34,54.51,58.91,55.56,56.49,59.82*,62.48*,64.91*,64.68*,67.83*,71.72*,,,,,,100.0
2024-08-02,,,,,,,,,,,,,,,,,,,,,,,,,,,,,,,,,,,,53.47,53.34,54.51,58.91,55.56,56.49,60.13*,62.17*,64.67*,64.7*,68.23*,71.65*,,,,,,100.0
2024-08-09,,,,,,,,,,,,,,,,,,,,,,,,,,,,,,,,,,,,53.47,53.34,54.51,58.91,55.56,56.45,60.11*,61.64*,64.37*,64.55*,68.5*,71.44*,,,,,,100.0
2024-08-16,,,,,,,,,,,,,,,,,,,,,,,,,,,,,,,,,,,,53.47,53.34,54.51,58.91,55.56,56.45,60.26*,61.54*,64.29*,64.54*,68.42*,71.43*,,,,,,100.0
2024-09-06,,,,,,,,,,,,,,,,,,,,,,,,,,,,,,,,,,,,53.47,53.34,54.51,58.91,55.56,56.45,60.55*,61.42*,64.24*,64.68*,68.83*,71.52*,,,,,,100.0
2024-09-13,,,,,,,,,,,,,,,,,,,,,,,,,,,,,,,,,,,,53.47,53.34,54.51,58.91,55.56,56.45,60.55*,61.29*,64.19*,64.87*,68.91*,71.52*,,,,,,100.0
2024-09-20,,,,,,,,,,,,,,,,,,,,,,,,,,,,,,,,,,,,53.47,53.34,54.51,58.91,55.56,56.45,60.55*,61.16*,63.95*,64.6*,68.68*,71.25*,,,,,,100.0
2024-09-27,,,,,,,,,,,,,,,,,,,,,,,,,,,,,,,,,,,,53.47,53.34,54.51,58.91,55.56,56.45,60.55*,60.82*,63.73*,64.33*,68.28*,70.86*,,,,,,100.0
2024-10-04,,,,,,,,,,,,,,,,,,,,,,,,,,,,,,,,,,,,,53.34,54.51,58.91,55.56,56.45,60.55,60.63*,63.44*,64.12*,68.04*,70.6*,72.91*,,,,,100.0
2024-10-18,,,,,,,,,,,,,,,,,,,,,,,,,,,,,,,,,,,,,53.34,54.51,58.91,55.56,56.45,60.55,60.07*,63.14*,63.9*,67.88*,70.54*,73.18*,,,,,100.0
2024-11-01,,,,,,,,,,,,,,,,,,,,,,,,,,,,,,,,,,,,,53.34,54.51,58.91,55.56,56.45,60.55,62.1*,62.45*,63.48*,67.53*,70.59*,72.87*,,,,,100.0
2024-11-08,,,,,,,,,,,,,,,,,,,,,,,,,,,,,,,,,,,,,53.34,54.51,58.91,55.56,56.45,60.55,61.38*,62.2*,63.35*,67.37*,70.81*,72.67*,,,,,100.0
2024-11-15,,,,,,,,,,,,,,,,,,,,,,,,,,,,,,,,,,,,,53.34,54.51,58.91,55.56,56.45,60.55,61.37*,62.09*,63.33*,67.38*,71.01*,72.78*,,,,,100.0
2024-11-22,,,,,,,,,,,,,,,,,,,,,,,,,,,,,,,,,,,,,53.34,54.51,58.91,55.56,56.45,60.55,61.63*,62.14*,63.36*,67.53*,71.2*,72.96*,,,,,100.0
2024-12-06,,,,,,,,,,,,,,,,,,,,,,,,,,,,,,,,,,,,,53.34,54.51,58.91,55.56,56.45,60.55,61.61*,62.0*,63.34*,67.5*,71.11*,72.54*,,,,,100.0
2024-12-12,,,,,,,,,,,,,,,,,,,,,,,,,,,,,,,,,,,,,53.34,54.51,58.91,55.56,56.45,60.55,61.61*,61.96*,63.29*,67.43*,71.22*,72.32*,,,,,100.0
2025-01-10,,,,,,,,,,,,,,,,,,,,,,,,,,,,,,,,,,,,,,54.51,58.91,55.56,56.45,60.54,61.63,61.8*,62.87*,67.09*,71.14*,72.3*,71.48*,,,,100.0
2025-01-17,,,,,,,,,,,,,,,,,,,,,,,,,,,,,,,,,,,,,,54.51,58.91,55.56,56.45,60.54,61.64,62.28*,62.84*,67.04*,71.04*,72.37*,72.13*,,,,100.0
2025-01-24,,,,,,,,,,,,,,,,,,,,,,,,,,,,,,,,,,,,,,54.51,58.91,55.56,56.45,60.54,61.64,62.23*,62.25*,66.71*,70.73*,72.03*,71.68*,,,,100.0
2025-01-31,,,,,,,,,,,,,,,,,,,,,,,,,,,,,,,,,,,,,,54.51,58.91,55.56,56.45,60.54,61.64,62.56*,62.2*,66.91*,71.09*,72.62*,71.89*,,,,100.0
2025-02-07,,,,,,,,,,,,,,,,,,,,,,,,,,,,,,,,,,,,,,54.51,58.91,55.56,56.45,60.54,61.64,64.15*,61.23*,66.39*,70.82*,72.98*,71.26*,,,,100.0
2025-02-14,,,,,,,,,,,,,,,,,,,,,,,,,,,,,,,,,,,,,,54.51,58.91,55.56,56.45,60.54,61.64,64.82*,60.83*,66.18*,70.72*,73.12*,70.98*,,,,100.0
2025-02-28,,,,,,,,,,,,,,,,,,,,,,,,,,,,,,,,,,,,,,54.51,58.91,55.56,56.45,60.54,61.64,65.71*,60.66*,66.11*,70.78*,73.3*,71.07*,,,,100.0
2025-03-07,,,,,,,,,,,,,,,,,,,,,,,,,,,,,,,,,,,,,,54.51,58.91,55.57,56.45,60.54,62.84,65.77,60.57*,66.13*,70.79*,73.34*,71.11*,,,,100.0
2025-03-14,,,,,,,,,,,,,,,,,,,,,,,,,,,,,,,,,,,,,,54.51,58.91,55.57,56.45,60.54,62.84,65.77,60.51*,66.05*,70.75*,73.31*,71.12*,,,,100.0
2025-03-20,,,,,,,,,,,,,,,,,,,,,,,,,,,,,,,,,,,,,,54.51,58.91,55.57,56.45,60.54,62.84,65.77,60.4*,65.96*,70.7*,73.23*,71.08*,,,,100.0
2025-03-28,,,,,,,,,,,,,,,,,,,,,,,,,,,,,,,,,,,,,,54.51,58.91,55.57,56.45,60.54,62.84,65.77,60.28*,65.61*,70.4*,72.96*,70.88*,,,,100.0
2025-04-11,,,,,,,,,,,,,,,,,,,,,,,,,,,,,,,,,,,,,,,58.91,55.57,56.45,60.54,62.84,65.77,60.05*,65.14*,69.94*,72.61*,70.39*,74.69*,,,100.0
2025-04-17,,,,,,,,,,,,,,,,,,,,,,,,,,,,,,,,,,,,,,,58.91,55.57,56.45,60.54,62.84,65.77,60.43*,64.69*,69.41*,72.01*,69.99*,74.25*,,,100.0
2025-04-25,,,,,,,,,,,,,,,,,,,,,,,,,,,,,,,,,,,,,,,58.91,55.57,56.45,60.54,62.84,65.77,60.87*,64.21*,68.81*,71.3*,69.75*,73.82*,,,100.0
2025-05-02,,,,,,,,,,,,,,,,,,,,,,,,,,,,,,,,,,,,,,,58.91,55.57,56.45,60.54,62.84,65.77,63.17*,64.02*,68.27*,70.68*,70.03*,73.34*,,,100.0
2025-05-09,,,,,,,,,,,,,,,,,,,,,,,,,,,,,,,,,,,,,,,58.91,55.57,56.45,60.54,62.84,65.77,63.89*,63.48*,67.8*,70.18*,70.28*,73.09*,,,100.0
2025-05-16,,,,,,,,,,,,,,,,,,,,,,,,,,,,,,,,,,,,,,,58.91,55.57,56.45,60.54,62.84,65.77,64.01*,63.29*,67.64*,69.96*,70.2*,72.87*,,,100.0
2025-05-23,,,,,,,,,,,,,,,,,,,,,,,,,,,,,,,,,,,,,,,58.91,55.57,56.45,60.54,62.84,65.77,63.97*,63.02*,67.53*,69.81*,70.12*,72.76*,,,100.0
2025-05-30,,,,,,,,,,,,,,,,,,,,,,,,,,,,,,,,,,,,,,,58.91,55.57,56.45,60.54,62.84,65.77,63.67*,62.91*,67.51*,69.85*,70.22*,72.75*,,,100.0
2025-06-27,,,,,,,,,,,,,,,,,,,,,,,,,,,,,,,,,,,,,,,58.92,55.57,56.45,60.54,62.84,65.77,63.67*,62.86*,67.4*,69.84*,70.27*,72.79*,,,100.0
2025-07-03,,,,,,,,,,,,,,,,,,,,,,,,,,,,,,,,,,,,,,,,55.57,56.45,60.54,62.84,65.77,63.67,62.82*,67.32*,69.82*,70.27*,72.78*,,,100.0
2025-07-11,,,,,,,,,,,,,,,,,,,,,,,,,,,,,,,,,,,,,,,,55.57,56.45,60.54,62.84,65.77,63.67,62.85*,67.35*,69.86*,70.36*,72.82*,,,100.0
2025-07-18,,,,,,,,,,,,,,,,,,,,,,,,,,,,,,,,,,,,,,,,55.57,56.45,60.54,62.84,65.77,63.67,63.21*,67.48*,69.96*,70.53*,73.09*,,,100.0
2025-07-25,,,,,,,,,,,,,,,,,,,,,,,,,,,,,,,,,,,,,,,,55.57,56.45,60.54,62.84,65.77,63.67,63.8*,67.42*,70.07*,70.71*,73.36*,,,100.0
2025-08-01,,,,,,,,,,,,,,,,,,,,,,,,,,,,,,,,,,,,,,,,55.57,56.45,60.54,62.78,65.78,63.68,64.97*,67.4*,70.02*,70.7*,73.75*,,,100.0
2025-08-08,,,,,,,,,,,,,,,,,,,,,,,,,,,,,,,,,,,,,,,,55.57,56.45,60.54,62.78,65.78,63.68,66.39*,67.44*,70.24*,70.75*,74.33*,,,100.0
2025-08-29,,,,,,,,,,,,,,,,,,,,,,,,,,,,,,,,,,,,,,,,55.57,56.45,60.54,62.78,65.78,63.68,67.02*,67.66*,70.42*,71.06*,74.92*,78.14*,,100.0
2025-09-05,,,,,,,,,,,,,,,,,,,,,,,,,,,,,,,,,,,,,,,,55.57,56.45,60.54,62.78,65.78,63.68,67.03*,67.62*,70.41*,71.05*,74.97*,78.19*,,100.0
2025-09-12,,,,,,,,,,,,,,,,,,,,,,,,,,,,,,,,,,,,,,,,55.57,56.45,60.54,62.78,65.78,63.68,67.03*,67.7*,70.43*,71.06*,75.33*,78.5*,,100.0
2025-09-19,,,,,,,,,,,,,,,,,,,,,,,,,,,,,,,,,,,,,,,,55.57,56.45,60.54,62.78,65.78,63.68,67.03,67.77*,70.43*,71.07*,75.31*,78.46*,,100.0
2025-09-26,,,,,,,,,,,,,,,,,,,,,,,,,,,,,,,,,,,,,,,,55.57,56.45,60.54,62.78,65.78,63.68,67.03,67.53*,70.13*,70.79*,75.06*,78.26*,,100.0
2025-10-03,,,,,,,,,,,,,,,,,,,,,,,,,,,,,,,,,,,,,,,,55.57,56.45,60.54,62.78,65.78,63.68,67.03,67.46*,70.13*,70.82*,75.08*,78.35*,,100.0
2025-10-10,,,,,,,,,,,,,,,,,,,,,,,,,,,,,,,,,,,,,,,,,56.45,60.54,62.78,65.78,63.68,67.03,67.58*,70.16*,70.73*,75.05*,78.35*,80.72*,100.0
2025-10-17,,,,,,,,,,,,,,,,,,,,,,,,,,,,,,,,,,,,,,,,,56.45,60.54,62.78,65.78,63.68,67.03,67.93*,70.19*,70.88*,75.11*,78.4*,80.74*,100.0
2025-10-24,,,,,,,,,,,,,,,,,,,,,,,,,,,,,,,,,,,,,,,,,56.45,60.54,62.78,65.78,63.68,67.03,67.91*,70.23*,71.0*,75.19*,78.72*,80.98*,100.0
2025-10-31,,,,,,,,,,,,,,,,,,,,,,,,,,,,,,,,,,,,,,,,,56.45,60.54,62.78,65.78,63.68,67.03,68.32*,70.12*,70.9*,75.13*,79.13*,81.08*,100.0
2025-11-07,,,,,,,,,,,,,,,,,,,,,,,,,,,,,,,,,,,,,,,,,56.45,60.54,62.78,65.78,63.68,67.03,70.24*,70.17*,70.86*,75.22*,79.37*,81.49*,100.0
